num_threads,N,time
1,5,6.03432
2,5,3.62609
4,5,2.94047
8,5,4.77407
